{
  "code": 0,
  "msg": "成功",
  "result": {
    "data": [
      [113.216516, 23.405735],
      [113.217037, 23.40572],
      [113.217809, 23.405696],
      [113.218491, 23.405661],
      [113.218458, 23.40512],
      [113.218405, 23.404617],
      [113.218421, 23.402387],
      [113.218356, 23.401531],
      [113.218635, 23.401314],
      [113.220127, 23.401353],
      [113.221178, 23.401363],
      [113.222616, 23.401452]
    ]
  }
}
